Study_Time,Phone_Usage,Idle_Time,Focus_Level
120,15,5,Focused
90,20,10,Focused
60,40,25,Distracted
45,50,30,Distracted
150,5,2,Focused
80,25,12,Focused
30,70,40,Distracted
110,10,5,Focused
70,35,18,Distracted
130,8,3,Focused
100,20,10,Focused
55,45,22,Distracted
140,7,4,Focused
65,38,20,Distracted
95,18,8,Focused
120,15,5,Focused
90,20,10,Focused
60,40,25,Distracted
45,50,30,Distracted
150,5,2,Focused
80,25,12,Focused
30,70,40,Distracted
110,10,5,Focused
70,35,18,Distracted
130,8,3,Focused
100,20,10,Focused
55,45,22,Distracted
140,7,4,Focused
65,38,20,Distracted
95,18,8,Focused
160,4,2,Focused
75,30,15,Focused
50,55,28,Distracted
40,65,35,Distracted
115,12,6,Focused
85,28,14,Focused
35,75,45,Distracted
145,6,3,Focused
60,50,30,Distracted
125,10,5,Focused
90,22,12,Focused
55,48,25,Distracted
70,40,20,Distracted
150,8,3,Focused
100,18,9,Focused
155,6,3,Focused
145,8,4,Focused
135,10,5,Focused
125,12,6,Focused
115,15,8,Focused
105,18,9,Focused
95,20,10,Focused
90,22,11,Focused
85,24,12,Focused
80,25,13,Focused
75,28,14,Focused
70,30,15,Focused
65,35,18,Distracted
60,40,20,Distracted
55,45,22,Distracted
50,50,25,Distracted
45,55,28,Distracted
40,60,30,Distracted
35,65,35,Distracted
30,70,40,Distracted
160,5,2,Focused
150,7,3,Focused
140,9,4,Focused
130,11,5,Focused
120,13,6,Focused
110,16,7,Focused
100,18,8,Focused
90,20,9,Focused
80,22,10,Focused
70,24,12,Focused
60,45,24,Distracted
55,48,26,Distracted
50,52,28,Distracted
45,56,30,Distracted
40,60,32,Distracted
35,65,36,Distracted
30,70,40,Distracted
25,75,45,Distracted
20,80,50,Distracted
15,85,55,Distracted
165,4,2,Focused
155,6,3,Focused
145,8,4,Focused
135,10,5,Focused
125,12,6,Focused
115,14,7,Focused
105,16,8,Focused
95,18,9,Focused
85,20,10,Focused
75,22,11,Focused
65,24,12,Focused
55,50,25,Distracted
50,55,28,Distracted
45,60,30,Distracted
40,65,35,Distracted
35,70,40,Distracted
30,75,45,Distracted
25,80,50,Distracted
20,85,55,Distracted
18,90,60,Distracted
170,3,1,Focused
160,5,2,Focused
150,7,3,Focused
140,9,4,Focused
130,11,5,Focused
120,13,6,Focused
110,15,7,Focused
100,17,8,Focused
90,19,9,Focused
80,21,10,Focused
70,23,12,Focused
60,42,21,Distracted
58,44,22,Distracted
56,46,23,Distracted
54,48,24,Distracted
52,50,25,Distracted
50,52,26,Distracted
48,54,27,Distracted
46,56,28,Distracted
44,58,29,Distracted
42,60,30,Distracted
165,5,2,Focused
155,7,3,Focused
145,9,4,Focused
135,11,5,Focused
125,13,6,Focused
115,15,7,Focused
105,17,8,Focused
95,19,9,Focused
85,21,10,Focused
75,23,11,Focused
65,25,12,Focused
55,47,23,Distracted
50,53,27,Distracted
45,58,31,Distracted
40,63,35,Distracted
35,68,39,Distracted
30,73,43,Distracted
25,78,48,Distracted
20,83,53,Distracted
15,88,58,Distracted